Sno,Ok,SOP,Message,Msg Id,Data Role,Power Role,Obj Count,Rev,Duration,Delta,Vbus(V),Data,Start Time,End Time
1,VBUS_UP,SOP,C_RSVD0,0,UFP,SNK,0,v1,0,,4044,0x0,6300264,6300264
2,OK,SOP,SOURCE_CAPABILITIES,0,DFP,SRC,5,v3,1189,109641,5087,0x51A1 0x881912C 0x2D12C 0x4B12C 0x641CC 0xE004B1CC,6409905,6411094
3,OK,SOP,GOODCRC,0,UFP,SNK,0,v3,510,82,5063,0x81,6411176,6411686
4,OK,SOP,REQUEST,0,UFP,SNK,1,v3,646,5364,5087,0x1082 0x1044B12C,6417050,6417696
5,OK,SOP,GOODCRC,0,DFP,SRC,0,v3,512,94,5052,0x1A1,6417790,6418302
6,OK,SOP,ACCEPT,1,DFP,SRC,0,v3,513,3028,5099,0x3A3,6421330,6421843
7,OK,SOP,GOODCRC,1,UFP,SNK,0,v3,510,81,5087,0x281,6421924,6422434
8,OK,SOP,PS_RDY,2,DFP,SRC,0,v3,512,309855,5087,0x5A6,6732289,6732801
9,OK,SOP,GOODCRC,2,UFP,SNK,0,v3,510,82,5063,0x481,6732883,6733393
10,OK,SOP,EPR_MODE,1,UFP,SNK,1,v3,645,6472,5087,0x128A 0x1000000,6739865,6740510
11,OK,SOP,GOODCRC,1,DFP,SRC,0,v3,512,96,5052,0x3A1,6740606,6741118
12,OK,SOP,EPR_MODE,3,DFP,SRC,1,v3,647,3071,5099,0x17AA 0x2000000,6744189,6744836
13,OK,SOP,GOODCRC,3,UFP,SNK,0,v3,510,82,5075,0x681,6744918,6745428
14,OK,SOP,EPR_MODE,4,DFP,SRC,1,v3,647,4304,5087,0x19AA 0x3000000,6749732,6750379
15,OK,SOP,GOODCRC,4,UFP,SNK,0,v3,510,82,5052,0x881,6750461,6750971
16,OK,SOP,EPR_SOURCE_CAPABILITIES,5,DFP,SRC,7,v3,1460,5107,5087,0xFBB1 0x802C 0x2C 0x91 0x81 0x08 0x2C 0xD1 0x02 0x00 0x2C 0xB1 0x04 0x00 0xF4 0x41 0x06 0x00 0xF4 0xB1 0x04 0xE0 0x00 0x00 0x00 0x00 0x00 0x00,6756078,6757538
17,OK,SOP,GOODCRC,5,UFP,SNK,0,v3,511,81,5052,0xA81,6757619,6758130
18,OK,SOP,EPR_SOURCE_CAPABILITIES,2,UFP,SNK,1,v3,645,4653,5099,0x9491 0x8C00 0x00 0x00,6762783,6763428
19,OK,SOP,GOODCRC,2,DFP,SRC,0,v3,513,96,5075,0x5A1,6763524,6764037
20,OK,SOP,EPR_SOURCE_CAPABILITIES,6,DFP,SRC,5,v3,1190,3615,5075,0xDDB1 0x882C 0x00 0x00 0xF4 0xC1 0x08 0x00 0xF4 0x41 0x0B 0x00 0xF4 0x01 0x0F 0x00 0xF0 0x96 0xC0 0xD3,6767652,6768842
21,OK,SOP,GOODCRC,6,UFP,SNK,0,v3,510,81,5040,0xC81,6768923,6769433
22,OK,SOP,EPR_REQUEST,3,UFP,SNK,2,v3,781,6339,5087,0x2689 0x1044B12C 0x881912C,6775772,6776553
23,OK,SOP,GOODCRC,3,DFP,SRC,0,v3,512,93,5052,0x7A1,6776646,6777158
24,OK,SOP,ACCEPT,7,DFP,SRC,0,v3,512,3288,5099,0xFA3,6780446,6780958
25,OK,SOP,GOODCRC,7,UFP,SNK,0,v3,510,81,5075,0xE81,6781039,6781549
26,OK,SOP,PS_RDY,0,DFP,SRC,0,v3,512,732010,5075,0x1A6,7513559,7514071
27,OK,SOP,GOODCRC,0,UFP,SNK,0,v3,510,81,5063,0x81,7514152,7514662
28,OK,SOP,EPR_MODE,4,UFP,SNK,1,v3,645,28262,5087,0x188A 0x5000000,7542924,7543569
29,OK,SOP,GOODCRC,4,DFP,SRC,0,v3,512,103,5052,0x9A1,7543672,7544184
30,OK,SOP,SOURCE_CAPABILITIES,1,DFP,SRC,5,v3,1189,170694,5087,0x53A1 0x881912C 0x2D12C 0x4B12C 0x641CC 0xE004B1CC,7714878,7716067
31,OK,SOP,GOODCRC,1,UFP,SNK,0,v3,510,82,5052,0x281,7716149,7716659
32,OK,SOP,REQUEST,5,UFP,SNK,1,v3,645,4629,5087,0x1A82 0x1044B12C,7721288,7721933
33,OK,SOP,GOODCRC,5,DFP,SRC,0,v3,512,96,5063,0xBA1,7722029,7722541
34,OK,SOP,ACCEPT,2,DFP,SRC,0,v3,512,3202,5087,0x5A3,7725743,7726255
35,OK,SOP,GOODCRC,2,UFP,SNK,0,v3,510,81,5063,0x481,7726336,7726846
36,OK,SOP,PS_RDY,3,DFP,SRC,0,v3,512,310699,5099,0x7A6,8037545,8038057
37,OK,SOP,GOODCRC,3,UFP,SNK,0,v3,511,81,5075,0x681,8038138,8038649
38,OK,SOP,EPR_MODE,6,UFP,SNK,1,v3,645,1227004,5087,0x1C8A 0x1000000,9265653,9266298
39,OK,SOP,GOODCRC,6,DFP,SRC,0,v3,513,94,5075,0xDA1,9266392,9266905
40,OK,SOP,EPR_MODE,4,DFP,SRC,1,v3,648,2873,5087,0x19AA 0x2000000,9269778,9270426
41,OK,SOP,GOODCRC,4,UFP,SNK,0,v3,510,81,5063,0x881,9270507,9271017
42,OK,SOP,EPR_MODE,5,DFP,SRC,1,v3,647,4352,5099,0x1BAA 0x3000000,9275369,9276016
43,OK,SOP,GOODCRC,5,UFP,SNK,0,v3,510,82,5063,0xA81,9276098,9276608
44,OK,SOP,EPR_SOURCE_CAPABILITIES,6,DFP,SRC,7,v3,1460,5171,5087,0xFDB1 0x802C 0x2C 0x91 0x81 0x08 0x2C 0xD1 0x02 0x00 0x2C 0xB1 0x04 0x00 0xF4 0x41 0x06 0x00 0xF4 0xB1 0x04 0xE0 0x00 0x00 0x00 0x00 0x00 0x00,9281779,9283239
45,OK,SOP,GOODCRC,6,UFP,SNK,0,v3,510,81,5063,0xC81,9283320,9283830
46,OK,SOP,EPR_SOURCE_CAPABILITIES,7,UFP,SNK,1,v3,646,4732,5087,0x9E91 0x8C00 0x00 0x00,9288562,9289208
47,OK,SOP,GOODCRC,7,DFP,SRC,0,v3,512,98,5075,0xFA1,9289306,9289818
48,OK,SOP,EPR_SOURCE_CAPABILITIES,7,DFP,SRC,5,v3,1189,3954,5087,0xDFB1 0x882C 0x00 0x00 0xF4 0xC1 0x08 0x00 0xF4 0x41 0x0B 0x00 0xF4 0x01 0x0F 0x00 0xF0 0x96 0xC0 0xD3,9293772,9294961
49,OK,SOP,GOODCRC,7,UFP,SNK,0,v3,510,82,5063,0xE81,9295043,9295553
50,OK,SOP,EPR_REQUEST,0,UFP,SNK,2,v3,780,5998,5087,0x2089 0xB046900A 0xD3C096F0,9301551,9302331
51,OK,SOP,GOODCRC,0,DFP,SRC,0,v3,512,99,5063,0x1A1,9302430,9302942
52,OK,SOP,ACCEPT,0,DFP,SRC,0,v3,513,2890,5087,0x1A3,9305832,9306345
53,OK,SOP,GOODCRC,0,UFP,SNK,0,v3,510,81,5063,0x81,9306426,9306936
54,OK,SOP,PS_RDY,1,DFP,SRC,0,v3,512,311402,20267,0x3A6,9618338,9618850
55,OK,SOP,GOODCRC,1,UFP,SNK,0,v3,511,82,20255,0x281,9618932,9619443
56,OK,SOP,EXTENDED_CONTROL_MSG,1,UFP,SNK,1,v3,645,404506,20801,0x9290 0x8002 0x03 0x00,10023949,10024594
57,OK,SOP,GOODCRC,1,DFP,SRC,0,v3,511,99,20777,0x3A1,10024693,10025204
58,OK,SOP,EXTENDED_CONTROL_MSG,2,DFP,SRC,1,v3,648,1581,20777,0x95B0 0x8002 0x04 0x00,10026785,10027433
59,OK,SOP,GOODCRC,2,UFP,SNK,0,v3,511,81,20765,0x481,10027514,10028025
60,OK,SOP,EXTENDED_CONTROL_MSG,2,UFP,SNK,1,v3,645,454291,20789,0x9490 0x8002 0x03 0x00,10482316,10482961
61,OK,SOP,GOODCRC,2,DFP,SRC,0,v3,512,99,20765,0x5A1,10483060,10483572
62,OK,SOP,EXTENDED_CONTROL_MSG,3,DFP,SRC,1,v3,647,1591,20789,0x97B0 0x8002 0x04 0x00,10485163,10485810
63,OK,SOP,GOODCRC,3,UFP,SNK,0,v3,510,82,20765,0x681,10485892,10486402
64,OK,SOP,EXTENDED_CONTROL_MSG,3,UFP,SNK,1,v3,645,454282,20801,0x9690 0x8002 0x03 0x00,10940684,10941329
65,OK,SOP,GOODCRC,3,DFP,SRC,0,v3,513,98,20777,0x7A1,10941427,10941940
66,OK,SOP,EXTENDED_CONTROL_MSG,4,DFP,SRC,1,v3,648,1597,20789,0x99B0 0x8002 0x04 0x00,10943537,10944185
67,OK,SOP,GOODCRC,4,UFP,SNK,0,v3,511,81,20777,0x881,10944266,10944777
68,OK,SOP,EXTENDED_CONTROL_MSG,4,UFP,SNK,1,v3,645,454262,20789,0x9890 0x8002 0x03 0x00,11399039,11399684
69,OK,SOP,GOODCRC,4,DFP,SRC,0,v3,512,97,20777,0x9A1,11399781,11400293
70,OK,SOP,EXTENDED_CONTROL_MSG,5,DFP,SRC,1,v3,648,1513,20789,0x9BB0 0x8002 0x04 0x00,11401806,11402454
71,OK,SOP,GOODCRC,5,UFP,SNK,0,v3,510,82,20753,0xA81,11402536,11403046
72,OK,SOP,EXTENDED_CONTROL_MSG,5,UFP,SNK,1,v3,646,454340,20789,0x9A90 0x8002 0x03 0x00,11857386,11858032
73,OK,SOP,GOODCRC,5,DFP,SRC,0,v3,512,97,20765,0xBA1,11858129,11858641
74,OK,SOP,EXTENDED_CONTROL_MSG,6,DFP,SRC,1,v3,648,1747,20789,0x9DB0 0x8002 0x04 0x00,11860388,11861036
75,OK,SOP,GOODCRC,6,UFP,SNK,0,v3,510,81,20753,0xC81,11861117,11861627
76,OK,SOP,EXTENDED_CONTROL_MSG,6,UFP,SNK,1,v3,645,454130,20801,0x9C90 0x8002 0x03 0x00,12315757,12316402
77,OK,SOP,GOODCRC,6,DFP,SRC,0,v3,512,99,20777,0xDA1,12316501,12317013
78,OK,SOP,EXTENDED_CONTROL_MSG,7,DFP,SRC,1,v3,647,1645,20789,0x9FB0 0x8002 0x04 0x00,12318658,12319305
79,OK,SOP,GOODCRC,7,UFP,SNK,0,v3,510,82,20753,0xE81,12319387,12319897
80,OK,SOP,EXTENDED_CONTROL_MSG,7,UFP,SNK,1,v3,646,454231,20801,0x9E90 0x8002 0x03 0x00,12774128,12774774
81,OK,SOP,GOODCRC,7,DFP,SRC,0,v3,512,99,20765,0xFA1,12774873,12775385
82,OK,SOP,EXTENDED_CONTROL_MSG,0,DFP,SRC,1,v3,648,1553,20789,0x91B0 0x8002 0x04 0x00,12776938,12777586
83,OK,SOP,GOODCRC,0,UFP,SNK,0,v3,511,81,20765,0x81,12777667,12778178
84,OK,SOP,EXTENDED_CONTROL_MSG,0,UFP,SNK,1,v3,645,454307,20801,0x9090 0x8002 0x03 0x00,13232485,13233130
85,OK,SOP,GOODCRC,0,DFP,SRC,0,v3,512,97,20777,0x1A1,13233227,13233739
86,OK,SOP,EXTENDED_CONTROL_MSG,1,DFP,SRC,1,v3,648,1834,20789,0x93B0 0x8002 0x04 0x00,13235573,13236221
87,OK,SOP,GOODCRC,1,UFP,SNK,0,v3,511,81,20765,0x281,13236302,13236813
88,OK,SOP,EPR_REQUEST,1,UFP,SNK,2,v3,781,284674,20801,0x2289 0xB047800A 0xD3C096F0,13521487,13522268
89,OK,SOP,GOODCRC,1,DFP,SRC,0,v3,512,95,20765,0x3A1,13522363,13522875
90,OK,SOP,ACCEPT,2,DFP,SRC,0,v3,512,2885,20801,0x5A3,13525760,13526272
91,OK,SOP,GOODCRC,2,UFP,SNK,0,v3,510,82,20777,0x481,13526354,13526864
92,OK,SOP,PS_RDY,3,DFP,SRC,0,v3,512,49790,22426,0x7A6,13576654,13577166
93,OK,SOP,GOODCRC,3,UFP,SNK,0,v3,510,82,22426,0x681,13577248,13577758
94,OK,SOP,EXTENDED_CONTROL_MSG,2,UFP,SNK,1,v3,645,405090,23730,0x9490 0x8002 0x03 0x00,13982848,13983493
95,OK,SOP,GOODCRC,2,DFP,SRC,0,v3,512,98,23706,0x5A1,13983591,13984103
96,OK,SOP,EXTENDED_CONTROL_MSG,4,DFP,SRC,1,v3,648,1812,23730,0x99B0 0x8002 0x04 0x00,13985915,13986563
97,OK,SOP,GOODCRC,4,UFP,SNK,0,v3,510,82,23706,0x881,13986645,13987155
98,OK,SOP,EXTENDED_CONTROL_MSG,3,UFP,SNK,1,v3,645,454156,23742,0x9690 0x8002 0x03 0x00,14441311,14441956
99,OK,SOP,GOODCRC,3,DFP,SRC,0,v3,512,99,23718,0x7A1,14442055,14442567
100,OK,SOP,EXTENDED_CONTROL_MSG,5,DFP,SRC,1,v3,648,1453,23730,0x9BB0 0x8002 0x04 0x00,14444020,14444668
101,OK,SOP,GOODCRC,5,UFP,SNK,0,v3,510,81,23718,0xA81,14444749,14445259
102,OK,SOP,EXTENDED_CONTROL_MSG,4,UFP,SNK,1,v3,645,454484,23730,0x9890 0x8002 0x03 0x00,14899743,14900388
103,OK,SOP,GOODCRC,4,DFP,SRC,0,v3,512,98,23718,0x9A1,14900486,14900998
104,OK,SOP,EXTENDED_CONTROL_MSG,6,DFP,SRC,1,v3,648,1520,23718,0x9DB0 0x8002 0x04 0x00,14902518,14903166
105,OK,SOP,GOODCRC,6,UFP,SNK,0,v3,510,82,23706,0xC81,14903248,14903758
106,OK,SOP,EXTENDED_CONTROL_MSG,5,UFP,SNK,1,v3,646,454432,23730,0x9A90 0x8002 0x03 0x00,15358190,15358836
107,OK,SOP,GOODCRC,5,DFP,SRC,0,v3,512,106,23718,0xBA1,15358942,15359454
108,OK,SOP,EXTENDED_CONTROL_MSG,7,DFP,SRC,1,v3,647,1558,23718,0x9FB0 0x8002 0x04 0x00,15361012,15361659
109,OK,SOP,GOODCRC,7,UFP,SNK,0,v3,510,82,23706,0xE81,15361741,15362251
110,OK,SOP,EPR_REQUEST,6,UFP,SNK,2,v3,780,110582,23730,0x2C89 0xB048700A 0xD3C096F0,15472833,15473613
111,OK,SOP,GOODCRC,6,DFP,SRC,0,v3,511,95,23695,0xDA1,15473708,15474219
112,OK,SOP,ACCEPT,0,DFP,SRC,0,v3,512,2783,23730,0x1A3,15477002,15477514
113,OK,SOP,GOODCRC,0,UFP,SNK,0,v3,511,82,23695,0x81,15477596,15478107
114,OK,SOP,PS_RDY,1,DFP,SRC,0,v3,512,44733,25165,0x3A6,15522840,15523352
115,OK,SOP,GOODCRC,1,UFP,SNK,0,v3,511,81,25165,0x281,15523433,15523944
116,OK,SOP,EXTENDED_CONTROL_MSG,7,UFP,SNK,1,v3,646,404302,26671,0x9E90 0x8002 0x03 0x00,15928246,15928892
117,OK,SOP,GOODCRC,7,DFP,SRC,0,v3,513,110,26648,0xFA1,15929002,15929515
118,OK,SOP,EXTENDED_CONTROL_MSG,2,DFP,SRC,1,v3,648,1503,26671,0x95B0 0x8002 0x04 0x00,15931018,15931666
119,OK,SOP,GOODCRC,2,UFP,SNK,0,v3,511,81,26636,0x481,15931747,15932258
120,OK,SOP,EXTENDED_CONTROL_MSG,0,UFP,SNK,1,v3,645,454436,26659,0x9090 0x8002 0x03 0x00,16386694,16387339
121,OK,SOP,GOODCRC,0,DFP,SRC,0,v3,512,98,26636,0x1A1,16387437,16387949
122,OK,SOP,EXTENDED_CONTROL_MSG,3,DFP,SRC,1,v3,648,1514,26659,0x97B0 0x8002 0x04 0x00,16389463,16390111
123,OK,SOP,GOODCRC,3,UFP,SNK,0,v3,510,81,26636,0x681,16390192,16390702
124,OK,SOP,EXTENDED_CONTROL_MSG,1,UFP,SNK,1,v3,646,454457,26659,0x9290 0x8002 0x03 0x00,16845159,16845805
125,OK,SOP,GOODCRC,1,DFP,SRC,0,v3,513,98,26636,0x3A1,16845903,16846416
126,OK,SOP,EXTENDED_CONTROL_MSG,4,DFP,SRC,1,v3,648,1570,26659,0x99B0 0x8002 0x04 0x00,16847986,16848634
127,OK,SOP,GOODCRC,4,UFP,SNK,0,v3,510,82,26636,0x881,16848716,16849226
128,OK,SOP,EXTENDED_CONTROL_MSG,2,UFP,SNK,1,v3,645,454391,26671,0x9490 0x8002 0x03 0x00,17303617,17304262
129,OK,SOP,GOODCRC,2,DFP,SRC,0,v3,512,106,26648,0x5A1,17304368,17304880
130,OK,SOP,EXTENDED_CONTROL_MSG,5,DFP,SRC,1,v3,648,1551,26659,0x9BB0 0x8002 0x04 0x00,17306431,17307079
131,OK,SOP,GOODCRC,5,UFP,SNK,0,v3,511,81,26636,0xA81,17307160,17307671
132,OK,SOP,EPR_REQUEST,3,UFP,SNK,2,v3,781,133529,26671,0x2689 0xB049600A 0xD3C096F0,17441200,17441981
133,OK,SOP,GOODCRC,3,DFP,SRC,0,v3,512,94,26636,0x7A1,17442075,17442587
134,OK,SOP,ACCEPT,6,DFP,SRC,0,v3,513,2790,26659,0xDA3,17445377,17445890
135,OK,SOP,GOODCRC,6,UFP,SNK,0,v3,510,81,26648,0xC81,17445971,17446481
136,OK,SOP,PS_RDY,7,DFP,SRC,0,v3,512,40704,27988,0xFA6,17487185,17487697
137,OK,SOP,GOODCRC,7,UFP,SNK,0,v3,511,81,27988,0xE81,17487778,17488289
138,OK,SOP,EXTENDED_CONTROL_MSG,4,UFP,SNK,1,v3,645,404334,29636,0x9890 0x8002 0x03 0x00,17892623,17893268
139,OK,SOP,GOODCRC,4,DFP,SRC,0,v3,512,97,29612,0x9A1,17893365,17893877
140,OK,SOP,EXTENDED_CONTROL_MSG,0,DFP,SRC,1,v3,648,1499,29636,0x91B0 0x8002 0x04 0x00,17895376,17896024
141,OK,SOP,GOODCRC,0,UFP,SNK,0,v3,510,82,29612,0x81,17896106,17896616
142,OK,SOP,EXTENDED_CONTROL_MSG,5,UFP,SNK,1,v3,646,454483,29648,0x9A90 0x8002 0x03 0x00,18351099,18351745
143,OK,SOP,GOODCRC,5,DFP,SRC,0,v3,512,97,29624,0xBA1,18351842,18352354
144,OK,SOP,EXTENDED_CONTROL_MSG,1,DFP,SRC,1,v3,647,1818,29648,0x93B0 0x8002 0x04 0x00,18354172,18354819
145,OK,SOP,GOODCRC,1,UFP,SNK,0,v3,511,82,29624,0x281,18354901,18355412
146,OK,SOP,EXTENDED_CONTROL_MSG,6,UFP,SNK,1,v3,646,454193,29660,0x9C90 0x8002 0x03 0x00,18809605,18810251
147,OK,SOP,GOODCRC,6,DFP,SRC,0,v3,512,95,29624,0xDA1,18810346,18810858
148,OK,SOP,EXTENDED_CONTROL_MSG,2,DFP,SRC,1,v3,647,1741,29636,0x95B0 0x8002 0x04 0x00,18812599,18813246
149,OK,SOP,GOODCRC,2,UFP,SNK,0,v3,510,82,29612,0x481,18813328,18813838
150,OK,SOP,EXTENDED_CONTROL_MSG,7,UFP,SNK,1,v3,645,454299,29648,0x9E90 0x8002 0x03 0x00,19268137,19268782
151,OK,SOP,GOODCRC,7,DFP,SRC,0,v3,512,97,29624,0xFA1,19268879,19269391
152,OK,SOP,EXTENDED_CONTROL_MSG,3,DFP,SRC,1,v3,647,1666,29648,0x97B0 0x8002 0x04 0x00,19271057,19271704
153,OK,SOP,GOODCRC,3,UFP,SNK,0,v3,511,82,29624,0x681,19271786,19272297
154,OK,SOP,EPR_REQUEST,0,UFP,SNK,2,v3,780,136422,29636,0x2089 0xB04A500A 0xD3C096F0,19408719,19409499
155,OK,SOP,GOODCRC,0,DFP,SRC,0,v3,513,111,29612,0x1A1,19409610,19410123
156,OK,SOP,ACCEPT,4,DFP,SRC,0,v3,512,2736,29636,0x9A3,19412859,19413371
157,OK,SOP,GOODCRC,4,UFP,SNK,0,v3,510,82,29612,0x881,19413453,19413963
158,OK,SOP,PS_RDY,5,DFP,SRC,0,v3,513,35818,30751,0xBA6,19449781,19450294
159,OK,SOP,GOODCRC,5,UFP,SNK,0,v3,511,81,30763,0xA81,19450375,19450886
160,OK,SOP,EXTENDED_CONTROL_MSG,1,UFP,SNK,1,v3,646,404333,32637,0x9290 0x8002 0x03 0x00,19855219,19855865
161,OK,SOP,GOODCRC,1,DFP,SRC,0,v3,512,96,32601,0x3A1,19855961,19856473
162,OK,SOP,EXTENDED_CONTROL_MSG,6,DFP,SRC,1,v3,648,1602,32613,0x9DB0 0x8002 0x04 0x00,19858075,19858723
163,OK,SOP,GOODCRC,6,UFP,SNK,0,v3,511,81,32589,0xC81,19858804,19859315
164,OK,SOP,EXTENDED_CONTROL_MSG,2,UFP,SNK,1,v3,645,454419,32625,0x9490 0x8002 0x03 0x00,20313734,20314379
165,OK,SOP,GOODCRC,2,DFP,SRC,0,v3,512,98,32601,0x5A1,20314477,20314989
166,OK,SOP,EXTENDED_CONTROL_MSG,7,DFP,SRC,1,v3,648,1616,32625,0x9FB0 0x8002 0x04 0x00,20316605,20317253
167,OK,SOP,GOODCRC,7,UFP,SNK,0,v3,511,81,32601,0xE81,20317334,20317845
168,OK,SOP,EXTENDED_CONTROL_MSG,3,UFP,SNK,1,v3,645,454405,32637,0x9690 0x8002 0x03 0x00,20772250,20772895
169,OK,SOP,GOODCRC,3,DFP,SRC,0,v3,512,97,32601,0x7A1,20772992,20773504
170,OK,SOP,EXTENDED_CONTROL_MSG,0,DFP,SRC,1,v3,648,1571,32625,0x91B0 0x8002 0x04 0x00,20775075,20775723
171,OK,SOP,GOODCRC,0,UFP,SNK,0,v3,511,81,32613,0x81,20775804,20776315
172,OK,SOP,EXTENDED_CONTROL_MSG,4,UFP,SNK,1,v3,646,454441,32625,0x9890 0x8002 0x03 0x00,21230756,21231402
173,OK,SOP,GOODCRC,4,DFP,SRC,0,v3,513,97,32601,0x9A1,21231499,21232012
174,OK,SOP,EXTENDED_CONTROL_MSG,1,DFP,SRC,1,v3,647,1534,32625,0x93B0 0x8002 0x04 0x00,21233546,21234193
175,OK,SOP,GOODCRC,1,UFP,SNK,0,v3,510,82,32589,0x281,21234275,21234785
176,OK,SOP,EPR_REQUEST,5,UFP,SNK,2,v3,780,127573,32637,0x2A89 0xB04B400A 0xD3C096F0,21362358,21363138
177,OK,SOP,GOODCRC,5,DFP,SRC,0,v3,512,95,32601,0xBA1,21363233,21363745
178,OK,SOP,ACCEPT,2,DFP,SRC,0,v3,513,2879,32625,0x5A3,21366624,21367137
179,OK,SOP,GOODCRC,2,UFP,SNK,0,v3,511,81,32601,0x481,21367218,21367729
180,OK,SOP,PS_RDY,3,DFP,SRC,0,v3,512,28885,33479,0x7A6,21396614,21397126
181,OK,SOP,GOODCRC,3,UFP,SNK,0,v3,510,82,33479,0x681,21397208,21397718
182,OK,SOP,EXTENDED_CONTROL_MSG,6,UFP,SNK,1,v3,646,405156,35637,0x9C90 0x8002 0x03 0x00,21802874,21803520
183,OK,SOP,GOODCRC,6,DFP,SRC,0,v3,513,96,35613,0xDA1,21803616,21804129
184,OK,SOP,EXTENDED_CONTROL_MSG,4,DFP,SRC,1,v3,648,1605,35625,0x99B0 0x8002 0x04 0x00,21805734,21806382
185,OK,SOP,GOODCRC,4,UFP,SNK,0,v3,510,81,35613,0x881,21806463,21806973
186,OK,SOP,EXTENDED_CONTROL_MSG,7,UFP,SNK,1,v3,646,454354,35637,0x9E90 0x8002 0x03 0x00,22261327,22261973
187,OK,SOP,GOODCRC,7,DFP,SRC,0,v3,512,97,35601,0xFA1,22262070,22262582
188,OK,SOP,EXTENDED_CONTROL_MSG,5,DFP,SRC,1,v3,648,1717,35649,0x9BB0 0x8002 0x04 0x00,22264299,22264947
189,OK,SOP,GOODCRC,5,UFP,SNK,0,v3,510,82,35613,0xA81,22265029,22265539
190,OK,SOP,EXTENDED_CONTROL_MSG,0,UFP,SNK,1,v3,646,454266,35649,0x9090 0x8002 0x03 0x00,22719805,22720451
191,OK,SOP,GOODCRC,0,DFP,SRC,0,v3,512,96,35613,0x1A1,22720547,22721059
192,OK,SOP,EXTENDED_CONTROL_MSG,6,DFP,SRC,1,v3,648,1812,35637,0x9DB0 0x8002 0x04 0x00,22722871,22723519
193,OK,SOP,GOODCRC,6,UFP,SNK,0,v3,510,82,35613,0xC81,22723601,22724111
194,OK,SOP,EXTENDED_CONTROL_MSG,1,UFP,SNK,1,v3,645,454167,35637,0x9290 0x8002 0x03 0x00,23178278,23178923
195,OK,SOP,GOODCRC,1,DFP,SRC,0,v3,512,97,35613,0x3A1,23179020,23179532
196,OK,SOP,EXTENDED_CONTROL_MSG,7,DFP,SRC,1,v3,648,1877,35637,0x9FB0 0x8002 0x04 0x00,23181409,23182057
197,OK,SOP,GOODCRC,7,UFP,SNK,0,v3,511,81,35613,0xE81,23182138,23182649
198,OK,SOP,EPR_REQUEST,2,UFP,SNK,2,v3,781,147162,35625,0x2489 0xB04C300A 0xD3C096F0,23329811,23330592
199,OK,SOP,GOODCRC,2,DFP,SRC,0,v3,513,94,35613,0x5A1,23330686,23331199
200,OK,SOP,ACCEPT,0,DFP,SRC,0,v3,512,2650,35637,0x1A3,23333849,23334361
201,OK,SOP,GOODCRC,0,UFP,SNK,0,v3,510,82,35613,0x81,23334443,23334953
202,OK,SOP,PS_RDY,1,DFP,SRC,0,v3,513,19573,36076,0x3A6,23354526,23355039
203,OK,SOP,GOODCRC,1,UFP,SNK,0,v3,510,82,36088,0x281,23355121,23355631
204,OK,SOP,EXTENDED_CONTROL_MSG,3,UFP,SNK,1,v3,645,404668,38554,0x9690 0x8002 0x03 0x00,23760299,23760944
205,OK,SOP,GOODCRC,3,DFP,SRC,0,v3,512,97,38531,0x7A1,23761041,23761553
206,OK,SOP,EXTENDED_CONTROL_MSG,2,DFP,SRC,1,v3,648,1778,38542,0x95B0 0x8002 0x04 0x00,23763331,23763979
207,OK,SOP,GOODCRC,2,UFP,SNK,0,v3,511,81,38519,0x481,23764060,23764571
208,OK,SOP,EXTENDED_CONTROL_MSG,4,UFP,SNK,1,v3,645,454145,38554,0x9890 0x8002 0x03 0x00,24218716,24219361
209,OK,SOP,GOODCRC,4,DFP,SRC,0,v3,513,97,38531,0x9A1,24219458,24219971
210,OK,SOP,EXTENDED_CONTROL_MSG,3,DFP,SRC,1,v3,648,1716,38554,0x97B0 0x8002 0x04 0x00,24221687,24222335
211,OK,SOP,GOODCRC,3,UFP,SNK,0,v3,510,82,38531,0x681,24222417,24222927
212,OK,SOP,EXTENDED_CONTROL_MSG,5,UFP,SNK,1,v3,645,454269,38554,0x9A90 0x8002 0x03 0x00,24677196,24677841
213,OK,SOP,GOODCRC,5,DFP,SRC,0,v3,513,99,38531,0xBA1,24677940,24678453
214,OK,SOP,EXTENDED_CONTROL_MSG,4,DFP,SRC,1,v3,647,1700,38542,0x99B0 0x8002 0x04 0x00,24680153,24680800
215,OK,SOP,GOODCRC,4,UFP,SNK,0,v3,510,82,38531,0x881,24680882,24681392
216,OK,SOP,EXTENDED_CONTROL_MSG,6,UFP,SNK,1,v3,646,454296,38542,0x9C90 0x8002 0x03 0x00,25135688,25136334
217,OK,SOP,GOODCRC,6,DFP,SRC,0,v3,512,109,38531,0xDA1,25136443,25136955
218,OK,SOP,EXTENDED_CONTROL_MSG,5,DFP,SRC,1,v3,647,1592,38542,0x9BB0 0x8002 0x04 0x00,25138547,25139194
219,OK,SOP,GOODCRC,5,UFP,SNK,0,v3,510,82,38519,0xA81,25139276,25139786
220,OK,SOP,EPR_REQUEST,7,UFP,SNK,2,v3,781,157391,38566,0x2E89 0xB04D200A 0xD3C096F0,25297177,25297958
221,OK,SOP,GOODCRC,7,DFP,SRC,0,v3,512,93,38542,0xFA1,25298051,25298563
222,OK,SOP,ACCEPT,6,DFP,SRC,0,v3,512,3428,38542,0xDA3,25301991,25302503
223,OK,SOP,GOODCRC,6,UFP,SNK,0,v3,511,81,38531,0xC81,25302584,25303095
224,OK,SOP,PS_RDY,7,DFP,SRC,0,v3,512,19396,39017,0xFA6,25322491,25323003
225,OK,SOP,GOODCRC,7,UFP,SNK,0,v3,510,82,39017,0xE81,25323085,25323595
226,OK,SOP,EXTENDED_CONTROL_MSG,0,UFP,SNK,1,v3,645,405058,41472,0x9090 0x8002 0x03 0x00,25728653,25729298
227,OK,SOP,GOODCRC,0,DFP,SRC,0,v3,513,97,41460,0x1A1,25729395,25729908
228,OK,SOP,EXTENDED_CONTROL_MSG,0,DFP,SRC,1,v3,648,1852,41472,0x91B0 0x8002 0x04 0x00,25731760,25732408
229,OK,SOP,GOODCRC,0,UFP,SNK,0,v3,510,82,41460,0x81,25732490,25733000
230,OK,SOP,EXTENDED_CONTROL_MSG,1,UFP,SNK,1,v3,645,454082,41472,0x9290 0x8002 0x03 0x00,26187082,26187727
231,OK,SOP,GOODCRC,1,DFP,SRC,0,v3,512,97,41448,0x3A1,26187824,26188336
232,OK,SOP,EXTENDED_CONTROL_MSG,1,DFP,SRC,1,v3,649,1835,41484,0x93B0 0x8002 0x04 0x00,26190171,26190820
233,OK,SOP,GOODCRC,1,UFP,SNK,0,v3,510,81,41460,0x281,26190901,26191411
234,OK,SOP,EXTENDED_CONTROL_MSG,2,UFP,SNK,1,v3,646,454129,41484,0x9490 0x8002 0x03 0x00,26645540,26646186
235,OK,SOP,GOODCRC,2,DFP,SRC,0,v3,513,96,41460,0x5A1,26646282,26646795
236,OK,SOP,EXTENDED_CONTROL_MSG,2,DFP,SRC,1,v3,648,1886,41484,0x95B0 0x8002 0x04 0x00,26648681,26649329
237,OK,SOP,GOODCRC,2,UFP,SNK,0,v3,511,81,41460,0x481,26649410,26649921
238,OK,SOP,EXTENDED_CONTROL_MSG,3,UFP,SNK,1,v3,645,454062,41484,0x9690 0x8002 0x03 0x00,27103983,27104628
239,OK,SOP,GOODCRC,3,DFP,SRC,0,v3,513,97,41460,0x7A1,27104725,27105238
240,OK,SOP,EXTENDED_CONTROL_MSG,3,DFP,SRC,1,v3,648,1605,41472,0x97B0 0x8002 0x04 0x00,27106843,27107491
241,OK,SOP,GOODCRC,3,UFP,SNK,0,v3,511,81,41436,0x681,27107572,27108083
242,OK,SOP,EPR_REQUEST,4,UFP,SNK,2,v3,781,141428,41472,0x2889 0xB04E100A 0xD3C096F0,27249511,27250292
243,OK,SOP,GOODCRC,4,DFP,SRC,0,v3,513,95,41436,0x9A1,27250387,27250900
244,OK,SOP,ACCEPT,4,DFP,SRC,0,v3,512,3418,41484,0x9A3,27254318,27254830
245,OK,SOP,GOODCRC,4,UFP,SNK,0,v3,511,82,41460,0x881,27254912,27255423
246,OK,SOP,PS_RDY,5,DFP,SRC,0,v3,513,19192,41934,0xBA6,27274615,27275128
247,OK,SOP,GOODCRC,5,UFP,SNK,0,v3,511,81,41934,0xA81,27275209,27275720
248,OK,SOP,EXTENDED_CONTROL_MSG,5,UFP,SNK,1,v3,646,404276,44342,0x9A90 0x8002 0x03 0x00,27679996,27680642
249,OK,SOP,GOODCRC,5,DFP,SRC,0,v3,512,96,44318,0xBA1,27680738,27681250
250,OK,SOP,EXTENDED_CONTROL_MSG,6,DFP,SRC,1,v3,648,1528,44330,0x9DB0 0x8002 0x04 0x00,27682778,27683426
251,OK,SOP,GOODCRC,6,UFP,SNK,0,v3,510,82,44318,0xC81,27683508,27684018
252,OK,SOP,EXTENDED_CONTROL_MSG,6,UFP,SNK,1,v3,645,454446,44354,0x9C90 0x8002 0x03 0x00,28138464,28139109
253,OK,SOP,GOODCRC,6,DFP,SRC,0,v3,512,98,44330,0xDA1,28139207,28139719
254,OK,SOP,EXTENDED_CONTROL_MSG,7,DFP,SRC,1,v3,648,1589,44342,0x9FB0 0x8002 0x04 0x00,28141308,28141956
255,OK,SOP,GOODCRC,7,UFP,SNK,0,v3,511,81,44318,0xE81,28142037,28142548
256,OK,SOP,EXTENDED_CONTROL_MSG,7,UFP,SNK,1,v3,645,454387,44342,0x9E90 0x8002 0x03 0x00,28596935,28597580
257,OK,SOP,GOODCRC,7,DFP,SRC,0,v3,512,100,44318,0xFA1,28597680,28598192
258,OK,SOP,EXTENDED_CONTROL_MSG,0,DFP,SRC,1,v3,648,1534,44330,0x91B0 0x8002 0x04 0x00,28599726,28600374
259,OK,SOP,GOODCRC,0,UFP,SNK,0,v3,510,82,44306,0x81,28600456,28600966
260,OK,SOP,EXTENDED_CONTROL_MSG,0,UFP,SNK,1,v3,645,454433,44342,0x9090 0x8002 0x03 0x00,29055399,29056044
261,OK,SOP,GOODCRC,0,DFP,SRC,0,v3,513,97,44318,0x1A1,29056141,29056654
262,OK,SOP,EXTENDED_CONTROL_MSG,1,DFP,SRC,1,v3,648,1612,44342,0x93B0 0x8002 0x04 0x00,29058266,29058914
263,OK,SOP,GOODCRC,1,UFP,SNK,0,v3,510,81,44318,0x281,29058995,29059505
264,OK,SOP,EPR_REQUEST,1,UFP,SNK,2,v3,780,157372,44354,0x2289 0xB04F000A 0xD3C096F0,29216877,29217657
265,OK,SOP,GOODCRC,1,DFP,SRC,0,v3,512,96,44330,0x3A1,29217753,29218265
266,OK,SOP,ACCEPT,2,DFP,SRC,0,v3,513,2991,44342,0x5A3,29221256,29221769
267,OK,SOP,GOODCRC,2,UFP,SNK,0,v3,510,81,44318,0x481,29221850,29222360
268,OK,SOP,PS_RDY,3,DFP,SRC,0,v3,512,19223,44828,0x7A6,29241583,29242095
269,OK,SOP,GOODCRC,3,UFP,SNK,0,v3,511,81,44828,0x681,29242176,29242687
270,OK,SOP,EXTENDED_CONTROL_MSG,2,UFP,SNK,1,v3,645,404700,47212,0x9490 0x8002 0x03 0x00,29647387,29648032
271,OK,SOP,GOODCRC,2,DFP,SRC,0,v3,512,99,47188,0x5A1,29648131,29648643
272,OK,SOP,EXTENDED_CONTROL_MSG,4,DFP,SRC,1,v3,649,1615,47200,0x99B0 0x8002 0x04 0x00,29650258,29650907
273,OK,SOP,GOODCRC,4,UFP,SNK,0,v3,510,81,47188,0x881,29650988,29651498
274,OK,SOP,EXTENDED_CONTROL_MSG,3,UFP,SNK,1,v3,645,454331,47200,0x9690 0x8002 0x03 0x00,30105829,30106474
275,OK,SOP,GOODCRC,3,DFP,SRC,0,v3,513,96,47188,0x7A1,30106570,30107083
276,OK,SOP,EXTENDED_CONTROL_MSG,5,DFP,SRC,1,v3,649,1646,47200,0x9BB0 0x8002 0x04 0x00,30108729,30109378
277,OK,SOP,GOODCRC,5,UFP,SNK,0,v3,510,81,47176,0xA81,30109459,30109969
278,OK,SOP,EXTENDED_CONTROL_MSG,4,UFP,SNK,1,v3,645,454303,47200,0x9890 0x8002 0x03 0x00,30564272,30564917
279,OK,SOP,GOODCRC,4,DFP,SRC,0,v3,512,98,47176,0x9A1,30565015,30565527
280,OK,SOP,EXTENDED_CONTROL_MSG,6,DFP,SRC,1,v3,648,1525,47188,0x9DB0 0x8002 0x04 0x00,30567052,30567700
281,OK,SOP,GOODCRC,6,UFP,SNK,0,v3,510,82,47176,0xC81,30567782,30568292
282,OK,SOP,EXTENDED_CONTROL_MSG,5,UFP,SNK,1,v3,646,454420,47212,0x9A90 0x8002 0x03 0x00,31022712,31023358
283,OK,SOP,GOODCRC,5,DFP,SRC,0,v3,513,97,47188,0xBA1,31023455,31023968
284,OK,SOP,EXTENDED_CONTROL_MSG,7,DFP,SRC,1,v3,649,1554,47200,0x9FB0 0x8002 0x04 0x00,31025522,31026171
285,OK,SOP,GOODCRC,7,UFP,SNK,0,v3,510,81,47176,0xE81,31026252,31026762
286,OK,SOP,EPR_REQUEST,6,UFP,SNK,2,v3,786,158428,47200,0x2C89 0xB04E100A 0xD3C096F0,31185190,31185976
287,OK,SOP,GOODCRC,6,DFP,SRC,0,v3,512,87,47164,0xDA1,31186063,31186575
288,OK,SOP,ACCEPT,0,DFP,SRC,0,v3,513,2809,47200,0x1A3,31189384,31189897
289,OK,SOP,GOODCRC,0,UFP,SNK,0,v3,504,87,47176,0x81,31189984,31190488
290,OK,SOP,PS_RDY,1,DFP,SRC,0,v3,514,39257,45385,0x3A6,31229745,31230259
291,OK,SOP,GOODCRC,1,UFP,SNK,0,v3,510,82,45338,0x281,31230341,31230851
292,OK,SOP,EXTENDED_CONTROL_MSG,7,UFP,SNK,1,v3,645,404749,44342,0x9E90 0x8002 0x03 0x00,31635600,31636245
293,OK,SOP,GOODCRC,7,DFP,SRC,0,v3,513,97,44330,0xFA1,31636342,31636855
294,OK,SOP,EXTENDED_CONTROL_MSG,2,DFP,SRC,1,v3,650,1567,44342,0x95B0 0x8002 0x04 0x00,31638422,31639072
295,OK,SOP,GOODCRC,2,UFP,SNK,0,v3,511,81,44330,0x481,31639153,31639664
296,OK,SOP,EXTENDED_CONTROL_MSG,0,UFP,SNK,1,v3,645,454392,44342,0x9090 0x8002 0x03 0x00,32094056,32094701
297,OK,SOP,GOODCRC,0,DFP,SRC,0,v3,513,97,44318,0x1A1,32094798,32095311
298,OK,SOP,EXTENDED_CONTROL_MSG,3,DFP,SRC,1,v3,651,1438,44342,0x97B0 0x8002 0x04 0x00,32096749,32097400
299,OK,SOP,GOODCRC,3,UFP,SNK,0,v3,511,79,44318,0x681,32097479,32097990
300,OK,SOP,EXTENDED_CONTROL_MSG,1,UFP,SNK,1,v3,646,454512,44342,0x9290 0x8002 0x03 0x00,32552502,32553148
301,OK,SOP,GOODCRC,1,DFP,SRC,0,v3,513,97,44318,0x3A1,32553245,32553758
302,OK,SOP,EXTENDED_CONTROL_MSG,4,DFP,SRC,1,v3,649,1620,44330,0x99B0 0x8002 0x04 0x00,32555378,32556027
303,OK,SOP,GOODCRC,4,UFP,SNK,0,v3,514,81,44318,0x881,32556108,32556622
304,OK,SOP,EXTENDED_CONTROL_MSG,2,UFP,SNK,1,v3,646,454330,44342,0x9490 0x8002 0x03 0x00,33010952,33011598
305,OK,SOP,GOODCRC,2,DFP,SRC,0,v3,513,104,44318,0x5A1,33011702,33012215
306,OK,SOP,EXTENDED_CONTROL_MSG,5,DFP,SRC,1,v3,648,1630,44342,0x9BB0 0x8002 0x04 0x00,33013845,33014493
307,OK,SOP,GOODCRC,5,UFP,SNK,0,v3,510,82,44318,0xA81,33014575,33015085
308,OK,SOP,EPR_REQUEST,3,UFP,SNK,2,v3,780,121490,44354,0x2689 0xB04D200A 0xD3C096F0,33136575,33137355
309,OK,SOP,GOODCRC,3,DFP,SRC,0,v3,513,95,44318,0x7A1,33137450,33137963
310,OK,SOP,ACCEPT,6,DFP,SRC,0,v3,513,3136,44342,0xDA3,33141099,33141612
311,OK,SOP,GOODCRC,6,UFP,SNK,0,v3,511,81,44306,0xC81,33141693,33142204
312,OK,SOP,PS_RDY,7,DFP,SRC,0,v3,514,40884,42456,0xFA6,33183088,33183602
313,OK,SOP,GOODCRC,7,UFP,SNK,0,v3,510,82,42397,0xE81,33183684,33184194
314,OK,SOP,EXTENDED_CONTROL_MSG,4,UFP,SNK,1,v3,645,404815,41484,0x9890 0x8002 0x03 0x00,33589009,33589654
315,OK,SOP,GOODCRC,4,DFP,SRC,0,v3,514,108,41448,0x9A1,33589762,33590276
316,OK,SOP,EXTENDED_CONTROL_MSG,0,DFP,SRC,1,v3,649,1842,41472,0x91B0 0x8002 0x04 0x00,33592118,33592767
317,OK,SOP,GOODCRC,0,UFP,SNK,0,v3,510,82,41448,0x81,33592849,33593359
318,OK,SOP,EXTENDED_CONTROL_MSG,5,UFP,SNK,1,v3,646,454116,41472,0x9A90 0x8002 0x03 0x00,34047475,34048121
319,OK,SOP,GOODCRC,5,DFP,SRC,0,v3,512,106,41436,0xBA1,34048227,34048739
320,OK,SOP,EXTENDED_CONTROL_MSG,1,DFP,SRC,1,v3,649,1828,41484,0x93B0 0x8002 0x04 0x00,34050567,34051216
321,OK,SOP,GOODCRC,1,UFP,SNK,0,v3,510,82,41448,0x281,34051298,34051808
322,OK,SOP,EXTENDED_CONTROL_MSG,6,UFP,SNK,1,v3,645,454075,41484,0x9C90 0x8002 0x03 0x00,34505883,34506528
323,OK,SOP,GOODCRC,6,DFP,SRC,0,v3,513,98,41460,0xDA1,34506626,34507139
324,OK,SOP,EXTENDED_CONTROL_MSG,2,DFP,SRC,1,v3,649,1674,41472,0x95B0 0x8002 0x04 0x00,34508813,34509462
325,OK,SOP,GOODCRC,2,UFP,SNK,0,v3,511,81,41436,0x481,34509543,34510054
326,OK,SOP,EXTENDED_CONTROL_MSG,7,UFP,SNK,1,v3,646,454277,41484,0x9E90 0x8002 0x03 0x00,34964331,34964977
327,OK,SOP,GOODCRC,7,DFP,SRC,0,v3,513,97,41448,0xFA1,34965074,34965587
328,OK,SOP,EXTENDED_CONTROL_MSG,3,DFP,SRC,1,v3,649,1759,41472,0x97B0 0x8002 0x04 0x00,34967346,34967995
329,OK,SOP,GOODCRC,3,UFP,SNK,0,v3,511,81,41448,0x681,34968076,34968587
330,OK,SOP,EPR_REQUEST,0,UFP,SNK,2,v3,781,136292,41484,0x2089 0xB04C300A 0xD3C096F0,35104879,35105660
331,OK,SOP,GOODCRC,0,DFP,SRC,0,v3,513,94,41436,0x1A1,35105754,35106267
332,OK,SOP,ACCEPT,4,DFP,SRC,0,v3,513,2908,41484,0x9A3,35109175,35109688
333,OK,SOP,GOODCRC,4,UFP,SNK,0,v3,510,82,41472,0x881,35109770,35110280
334,OK,SOP,PS_RDY,5,DFP,SRC,0,v3,514,44028,39456,0xBA6,35154308,35154822
335,OK,SOP,GOODCRC,5,UFP,SNK,0,v3,510,82,39420,0xA81,35154904,35155414
336,OK,SOP,EXTENDED_CONTROL_MSG,1,UFP,SNK,1,v3,645,404930,38542,0x9290 0x8002 0x03 0x00,35560344,35560989
337,OK,SOP,GOODCRC,1,DFP,SRC,0,v3,513,99,38531,0x3A1,35561088,35561601
338,OK,SOP,EXTENDED_CONTROL_MSG,6,DFP,SRC,1,v3,649,1483,38531,0x9DB0 0x8002 0x04 0x00,35563084,35563733
339,OK,SOP,GOODCRC,6,UFP,SNK,0,v3,510,82,38519,0xC81,35563815,35564325
340,OK,SOP,EXTENDED_CONTROL_MSG,2,UFP,SNK,1,v3,646,454513,38542,0x9490 0x8002 0x03 0x00,36018838,36019484
341,OK,SOP,GOODCRC,2,DFP,SRC,0,v3,513,97,38519,0x5A1,36019581,36020094
342,OK,SOP,EXTENDED_CONTROL_MSG,7,DFP,SRC,1,v3,649,1790,38542,0x9FB0 0x8002 0x04 0x00,36021884,36022533
343,OK,SOP,GOODCRC,7,UFP,SNK,0,v3,510,82,38519,0xE81,36022615,36023125
344,OK,SOP,EXTENDED_CONTROL_MSG,3,UFP,SNK,1,v3,645,454199,38554,0x9690 0x8002 0x03 0x00,36477324,36477969
345,OK,SOP,GOODCRC,3,DFP,SRC,0,v3,513,97,38519,0x7A1,36478066,36478579
346,OK,SOP,EXTENDED_CONTROL_MSG,0,DFP,SRC,1,v3,649,1630,38542,0x91B0 0x8002 0x04 0x00,36480209,36480858
347,OK,SOP,GOODCRC,0,UFP,SNK,0,v3,510,81,38531,0x81,36480939,36481449
348,OK,SOP,EXTENDED_CONTROL_MSG,4,UFP,SNK,1,v3,645,454365,38542,0x9890 0x8002 0x03 0x00,36935814,36936459
349,OK,SOP,GOODCRC,4,DFP,SRC,0,v3,513,98,38531,0x9A1,36936557,36937070
350,OK,SOP,EXTENDED_CONTROL_MSG,1,DFP,SRC,1,v3,649,1575,38554,0x93B0 0x8002 0x04 0x00,36938645,36939294
351,OK,SOP,GOODCRC,1,UFP,SNK,0,v3,511,81,38519,0x281,36939375,36939886
352,OK,SOP,EPR_REQUEST,5,UFP,SNK,2,v3,780,117550,38542,0x2A89 0xB04B400A 0xD3C096F0,37057436,37058216
353,OK,SOP,GOODCRC,5,DFP,SRC,0,v3,512,95,38519,0xBA1,37058311,37058823
354,OK,SOP,ACCEPT,2,DFP,SRC,0,v3,513,2885,38554,0x5A3,37061708,37062221
355,OK,SOP,GOODCRC,2,UFP,SNK,0,v3,511,81,38531,0x481,37062302,37062813
356,OK,SOP,PS_RDY,3,DFP,SRC,0,v3,514,48432,36432,0x7A6,37111245,37111759
357,OK,SOP,GOODCRC,3,UFP,SNK,0,v3,511,81,36384,0x681,37111840,37112351
358,OK,SOP,EXTENDED_CONTROL_MSG,6,UFP,SNK,1,v3,645,404586,35637,0x9C90 0x8002 0x03 0x00,37516937,37517582
359,OK,SOP,GOODCRC,6,DFP,SRC,0,v3,513,100,35589,0xDA1,37517682,37518195
360,OK,SOP,EXTENDED_CONTROL_MSG,4,DFP,SRC,1,v3,649,1643,35613,0x99B0 0x8002 0x04 0x00,37519838,37520487
361,OK,SOP,GOODCRC,4,UFP,SNK,0,v3,510,82,35613,0x881,37520569,37521079
362,OK,SOP,EXTENDED_CONTROL_MSG,7,UFP,SNK,1,v3,645,454382,35625,0x9E90 0x8002 0x03 0x00,37975461,37976106
363,OK,SOP,GOODCRC,7,DFP,SRC,0,v3,514,98,35601,0xFA1,37976204,37976718
364,OK,SOP,EXTENDED_CONTROL_MSG,5,DFP,SRC,1,v3,649,1797,35625,0x9BB0 0x8002 0x04 0x00,37978515,37979164
365,OK,SOP,GOODCRC,5,UFP,SNK,0,v3,511,81,35613,0xA81,37979245,37979756
366,OK,SOP,EXTENDED_CONTROL_MSG,0,UFP,SNK,1,v3,645,454208,35625,0x9090 0x8002 0x03 0x00,38433964,38434609
367,OK,SOP,GOODCRC,0,DFP,SRC,0,v3,513,96,35601,0x1A1,38434705,38435218
368,OK,SOP,EXTENDED_CONTROL_MSG,6,DFP,SRC,1,v3,648,1696,35613,0x9DB0 0x8002 0x04 0x00,38436914,38437562
369,OK,SOP,GOODCRC,6,UFP,SNK,0,v3,511,82,35601,0xC81,38437644,38438155
370,OK,SOP,EXTENDED_CONTROL_MSG,1,UFP,SNK,1,v3,645,454316,35637,0x9290 0x8002 0x03 0x00,38892471,38893116
371,OK,SOP,GOODCRC,1,DFP,SRC,0,v3,512,99,35613,0x3A1,38893215,38893727
372,OK,SOP,EXTENDED_CONTROL_MSG,7,DFP,SRC,1,v3,648,1726,35637,0x9FB0 0x8002 0x04 0x00,38895453,38896101
373,OK,SOP,GOODCRC,7,UFP,SNK,0,v3,510,82,35613,0xE81,38896183,38896693
374,OK,SOP,EPR_REQUEST,2,UFP,SNK,2,v3,781,128363,35625,0x2489 0xB04A500A 0xD3C096F0,39025056,39025837
375,OK,SOP,GOODCRC,2,DFP,SRC,0,v3,513,106,35601,0x5A1,39025943,39026456
376,OK,SOP,ACCEPT,0,DFP,SRC,0,v3,512,2742,35637,0x1A3,39029198,39029710
377,OK,SOP,GOODCRC,0,UFP,SNK,0,v3,510,82,35625,0x81,39029792,39030302
378,OK,SOP,PS_RDY,1,DFP,SRC,0,v3,514,48902,33490,0x3A6,39079204,39079718
379,OK,SOP,GOODCRC,1,UFP,SNK,0,v3,510,82,33455,0x281,39079800,39080310
380,OK,SOP,EXTENDED_CONTROL_MSG,3,UFP,SNK,1,v3,645,405220,32613,0x9690 0x8002 0x03 0x00,39485530,39486175
381,OK,SOP,GOODCRC,3,DFP,SRC,0,v3,513,99,32589,0x7A1,39486274,39486787
382,OK,SOP,EXTENDED_CONTROL_MSG,2,DFP,SRC,1,v3,650,1687,32601,0x95B0 0x8002 0x04 0x00,39488474,39489124
383,OK,SOP,GOODCRC,2,UFP,SNK,0,v3,510,81,32589,0x481,39489205,39489715
384,OK,SOP,EXTENDED_CONTROL_MSG,4,UFP,SNK,1,v3,645,454346,32625,0x9890 0x8002 0x03 0x00,39944061,39944706
385,OK,SOP,GOODCRC,4,DFP,SRC,0,v3,513,108,32601,0x9A1,39944814,39945327
386,OK,SOP,EXTENDED_CONTROL_MSG,3,DFP,SRC,1,v3,649,1540,32613,0x97B0 0x8002 0x04 0x00,39946867,39947516
387,OK,SOP,GOODCRC,3,UFP,SNK,0,v3,510,81,32589,0x681,39947597,39948107
388,OK,SOP,EXTENDED_CONTROL_MSG,5,UFP,SNK,1,v3,646,454467,32625,0x9A90 0x8002 0x03 0x00,40402574,40403220
389,OK,SOP,GOODCRC,5,DFP,SRC,0,v3,513,96,32601,0xBA1,40403316,40403829
390,OK,SOP,EXTENDED_CONTROL_MSG,4,DFP,SRC,1,v3,648,1674,32625,0x99B0 0x8002 0x04 0x00,40405503,40406151
391,OK,SOP,GOODCRC,4,UFP,SNK,0,v3,510,82,32601,0x881,40406233,40406743
392,OK,SOP,EXTENDED_CONTROL_MSG,6,UFP,SNK,1,v3,645,454354,32625,0x9C90 0x8002 0x03 0x00,40861097,40861742
393,OK,SOP,GOODCRC,6,DFP,SRC,0,v3,513,97,32589,0xDA1,40861839,40862352
394,OK,SOP,EXTENDED_CONTROL_MSG,5,DFP,SRC,1,v3,649,1786,32613,0x9BB0 0x8002 0x04 0x00,40864138,40864787
395,OK,SOP,GOODCRC,5,UFP,SNK,0,v3,510,81,32601,0xA81,40864868,40865378
396,OK,SOP,EPR_REQUEST,7,UFP,SNK,2,v3,781,127339,32613,0x2E89 0xB049600A 0xD3C096F0,40992717,40993498
397,OK,SOP,GOODCRC,7,DFP,SRC,0,v3,513,93,32601,0xFA1,40993591,40994104
398,OK,SOP,ACCEPT,6,DFP,SRC,0,v3,513,2837,32625,0xDA3,40996941,40997454
399,OK,SOP,GOODCRC,6,UFP,SNK,0,v3,511,81,32601,0xC81,40997535,40998046
400,OK,SOP,PS_RDY,7,DFP,SRC,0,v3,515,50247,30514,0xFA6,41048293,41048808
401,OK,SOP,GOODCRC,7,UFP,SNK,0,v3,510,81,30466,0xE81,41048889,41049399
402,OK,SOP,EXTENDED_CONTROL_MSG,0,UFP,SNK,1,v3,645,404759,29636,0x9090 0x8002 0x03 0x00,41454158,41454803
403,OK,SOP,GOODCRC,0,DFP,SRC,0,v3,514,98,29612,0x1A1,41454901,41455415
404,OK,SOP,EXTENDED_CONTROL_MSG,0,DFP,SRC,1,v3,649,1670,29624,0x91B0 0x8002 0x04 0x00,41457085,41457734
405,OK,SOP,GOODCRC,0,UFP,SNK,0,v3,510,82,29612,0x81,41457816,41458326
406,OK,SOP,EXTENDED_CONTROL_MSG,1,UFP,SNK,1,v3,645,454320,29636,0x9290 0x8002 0x03 0x00,41912646,41913291
407,OK,SOP,GOODCRC,1,DFP,SRC,0,v3,513,99,29601,0x3A1,41913390,41913903
408,OK,SOP,EXTENDED_CONTROL_MSG,1,DFP,SRC,1,v3,648,1716,29624,0x93B0 0x8002 0x04 0x00,41915619,41916267
409,OK,SOP,GOODCRC,1,UFP,SNK,0,v3,510,82,29612,0x281,41916349,41916859
410,OK,SOP,EXTENDED_CONTROL_MSG,2,UFP,SNK,1,v3,646,454294,29636,0x9490 0x8002 0x03 0x00,42371153,42371799
411,OK,SOP,GOODCRC,2,DFP,SRC,0,v3,513,98,29624,0x5A1,42371897,42372410
412,OK,SOP,EXTENDED_CONTROL_MSG,2,DFP,SRC,1,v3,648,1460,29636,0x95B0 0x8002 0x04 0x00,42373870,42374518
413,OK,SOP,GOODCRC,2,UFP,SNK,0,v3,510,82,29612,0x481,42374600,42375110
414,OK,SOP,EXTENDED_CONTROL_MSG,3,UFP,SNK,1,v3,646,454555,29648,0x9690 0x8002 0x03 0x00,42829665,42830311
415,OK,SOP,GOODCRC,3,DFP,SRC,0,v3,512,110,29624,0x7A1,42830421,42830933
416,OK,SOP,EXTENDED_CONTROL_MSG,3,DFP,SRC,1,v3,648,1553,29648,0x97B0 0x8002 0x04 0x00,42832486,42833134
417,OK,SOP,GOODCRC,3,UFP,SNK,0,v3,510,82,29624,0x681,42833216,42833726
418,OK,SOP,EPR_REQUEST,4,UFP,SNK,2,v3,780,111615,29648,0x2889 0xB048700A 0xD3C096F0,42945341,42946121
419,OK,SOP,GOODCRC,4,DFP,SRC,0,v3,513,97,29624,0x9A1,42946218,42946731
420,OK,SOP,ACCEPT,4,DFP,SRC,0,v3,512,3227,29636,0x9A3,42949958,42950470
421,OK,SOP,GOODCRC,4,UFP,SNK,0,v3,510,82,29636,0x881,42950552,42951062
422,OK,SOP,PS_RDY,5,DFP,SRC,0,v3,514,54266,27478,0xBA6,43005328,43005842
423,OK,SOP,GOODCRC,5,UFP,SNK,0,v3,510,82,27430,0xA81,43005924,43006434
424,OK,SOP,EXTENDED_CONTROL_MSG,5,UFP,SNK,1,v3,645,404352,26659,0x9A90 0x8002 0x03 0x00,43410786,43411431
425,OK,SOP,GOODCRC,5,DFP,SRC,0,v3,513,99,26636,0xBA1,43411530,43412043
426,OK,SOP,EXTENDED_CONTROL_MSG,6,DFP,SRC,1,v3,649,1701,26648,0x9DB0 0x8002 0x04 0x00,43413744,43414393
427,OK,SOP,GOODCRC,6,UFP,SNK,0,v3,510,82,26636,0xC81,43414475,43414985
428,OK,SOP,EXTENDED_CONTROL_MSG,6,UFP,SNK,1,v3,645,454303,26659,0x9C90 0x8002 0x03 0x00,43869288,43869933
429,OK,SOP,GOODCRC,6,DFP,SRC,0,v3,514,96,26636,0xDA1,43870029,43870543
430,OK,SOP,EXTENDED_CONTROL_MSG,7,DFP,SRC,1,v3,654,1522,26659,0x9FB0 0x8002 0x04 0x00,43872065,43872719
431,OK,SOP,GOODCRC,7,UFP,SNK,0,v3,511,76,26636,0xE81,43872795,43873306
432,OK,SOP,EXTENDED_CONTROL_MSG,7,UFP,SNK,1,v3,645,454488,26659,0x9E90 0x8002 0x03 0x00,44327794,44328439
433,OK,SOP,GOODCRC,7,DFP,SRC,0,v3,513,96,26636,0xFA1,44328535,44329048
434,OK,SOP,EXTENDED_CONTROL_MSG,0,DFP,SRC,1,v3,649,1654,26659,0x91B0 0x8002 0x04 0x00,44330702,44331351
435,OK,SOP,GOODCRC,0,UFP,SNK,0,v3,511,81,26636,0x81,44331432,44331943
436,OK,SOP,EXTENDED_CONTROL_MSG,0,UFP,SNK,1,v3,645,454341,26659,0x9090 0x8002 0x03 0x00,44786284,44786929
437,OK,SOP,GOODCRC,0,DFP,SRC,0,v3,513,98,26624,0x1A1,44787027,44787540
438,OK,SOP,EXTENDED_CONTROL_MSG,1,DFP,SRC,1,v3,649,1537,26671,0x93B0 0x8002 0x04 0x00,44789077,44789726
439,OK,SOP,GOODCRC,1,UFP,SNK,0,v3,510,81,26648,0x281,44789807,44790317
440,OK,SOP,EPR_REQUEST,1,UFP,SNK,2,v3,781,122584,26659,0x2289 0xB047800A 0xD3C096F0,44912901,44913682
441,OK,SOP,GOODCRC,1,DFP,SRC,0,v3,513,94,26648,0x3A1,44913776,44914289
442,OK,SOP,ACCEPT,2,DFP,SRC,0,v3,513,2978,26671,0x5A3,44917267,44917780
443,OK,SOP,GOODCRC,2,UFP,SNK,0,v3,510,81,26648,0x481,44917861,44918371
444,OK,SOP,PS_RDY,3,DFP,SRC,0,v3,514,58923,24477,0x7A6,44977294,44977808
445,OK,SOP,GOODCRC,3,UFP,SNK,0,v3,511,81,24430,0x681,44977889,44978400
446,OK,SOP,EXTENDED_CONTROL_MSG,2,UFP,SNK,1,v3,645,404943,23730,0x9490 0x8002 0x03 0x00,45383343,45383988
447,OK,SOP,GOODCRC,2,DFP,SRC,0,v3,514,99,23695,0x5A1,45384087,45384601
448,OK,SOP,EXTENDED_CONTROL_MSG,4,DFP,SRC,1,v3,650,1775,23718,0x99B0 0x8002 0x04 0x00,45386376,45387026
449,OK,SOP,GOODCRC,4,UFP,SNK,0,v3,510,81,23683,0x881,45387107,45387617
450,OK,SOP,EXTENDED_CONTROL_MSG,3,UFP,SNK,1,v3,646,454246,23718,0x9690 0x8002 0x03 0x00,45841863,45842509
451,OK,SOP,GOODCRC,3,DFP,SRC,0,v3,513,96,23695,0x7A1,45842605,45843118
452,OK,SOP,EXTENDED_CONTROL_MSG,5,DFP,SRC,1,v3,648,1879,23718,0x9BB0 0x8002 0x04 0x00,45844997,45845645
453,OK,SOP,GOODCRC,5,UFP,SNK,0,v3,510,82,23706,0xA81,45845727,45846237
454,OK,SOP,EXTENDED_CONTROL_MSG,4,UFP,SNK,1,v3,645,454142,23730,0x9890 0x8002 0x03 0x00,46300379,46301024
455,OK,SOP,GOODCRC,4,DFP,SRC,0,v3,513,99,23706,0x9A1,46301123,46301636
456,OK,SOP,EXTENDED_CONTROL_MSG,6,DFP,SRC,1,v3,648,1664,23718,0x9DB0 0x8002 0x04 0x00,46303300,46303948
457,OK,SOP,GOODCRC,6,UFP,SNK,0,v3,510,82,23695,0xC81,46304030,46304540
458,OK,SOP,EXTENDED_CONTROL_MSG,5,UFP,SNK,1,v3,646,454369,23718,0x9A90 0x8002 0x03 0x00,46758909,46759555
459,OK,SOP,GOODCRC,5,DFP,SRC,0,v3,512,109,23706,0xBA1,46759664,46760176
460,OK,SOP,EXTENDED_CONTROL_MSG,7,DFP,SRC,1,v3,648,1617,23718,0x9FB0 0x8002 0x04 0x00,46761793,46762441
461,OK,SOP,GOODCRC,7,UFP,SNK,0,v3,510,82,23695,0xE81,46762523,46763033
462,OK,SOP,EPR_REQUEST,6,UFP,SNK,2,v3,780,118536,23730,0x2C89 0xB046900A 0xD3C096F0,46881569,46882349
463,OK,SOP,GOODCRC,6,DFP,SRC,0,v3,512,95,23706,0xDA1,46882444,46882956
464,OK,SOP,ACCEPT,0,DFP,SRC,0,v3,512,2752,23730,0x1A3,46885708,46886220
465,OK,SOP,GOODCRC,0,UFP,SNK,0,v3,510,82,23706,0x81,46886302,46886812
466,OK,SOP,PS_RDY,1,DFP,SRC,0,v3,514,69381,21394,0x3A6,46956193,46956707
467,OK,SOP,GOODCRC,1,UFP,SNK,0,v3,510,82,21358,0x281,46956789,46957299
468,OK,SOP,EXTENDED_CONTROL_MSG,7,UFP,SNK,1,v3,645,404642,20789,0x9E90 0x8002 0x03 0x00,47361941,47362586
469,OK,SOP,GOODCRC,7,DFP,SRC,0,v3,513,98,20777,0xFA1,47362684,47363197
470,OK,SOP,EXTENDED_CONTROL_MSG,2,DFP,SRC,1,v3,650,1622,20789,0x95B0 0x8002 0x04 0x00,47364819,47365469
471,OK,SOP,GOODCRC,2,UFP,SNK,0,v3,511,81,20777,0x481,47365550,47366061
472,OK,SOP,EXTENDED_CONTROL_MSG,0,UFP,SNK,1,v3,646,454376,20789,0x9090 0x8002 0x03 0x00,47820437,47821083
473,OK,SOP,GOODCRC,0,DFP,SRC,0,v3,513,96,20753,0x1A1,47821179,47821692
474,OK,SOP,EXTENDED_CONTROL_MSG,3,DFP,SRC,1,v3,649,1773,20789,0x97B0 0x8002 0x04 0x00,47823465,47824114
475,OK,SOP,GOODCRC,3,UFP,SNK,0,v3,510,81,20765,0x681,47824195,47824705
476,OK,SOP,EXTENDED_CONTROL_MSG,1,UFP,SNK,1,v3,645,454255,20789,0x9290 0x8002 0x03 0x00,48278960,48279605
477,OK,SOP,GOODCRC,1,DFP,SRC,0,v3,513,97,20765,0x3A1,48279702,48280215
478,OK,SOP,EXTENDED_CONTROL_MSG,4,DFP,SRC,1,v3,649,1494,20789,0x99B0 0x8002 0x04 0x00,48281709,48282358
479,OK,SOP,GOODCRC,4,UFP,SNK,0,v3,507,84,20777,0x881,48282442,48282949
480,OK,SOP,EXTENDED_CONTROL_MSG,2,UFP,SNK,1,v3,645,454551,20789,0x9490 0x8002 0x03 0x00,48737500,48738145
481,OK,SOP,GOODCRC,2,DFP,SRC,0,v3,512,96,20777,0x5A1,48738241,48738753
482,OK,SOP,EXTENDED_CONTROL_MSG,5,DFP,SRC,1,v3,649,1762,20789,0x9BB0 0x8002 0x04 0x00,48740515,48741164
483,OK,SOP,GOODCRC,5,UFP,SNK,0,v3,510,81,20765,0xA81,48741245,48741755
484,VBUS_DN,SOP,C_RSVD0,0,UFP,SNK,0,v1,0,134993,747,0x0,48876748,48876748
